,0,1,2
0,4,,
1,4,,
2,4,,
3,4,,
4,4,0.0,9.0
6,4,,
7,4,,
8,3,2.0,1.0
9,4,,
10,4,,
11,4,9.0,0.0
12,4,,
13,4,,
14,9,,
15,4,9.0,7.0
16,4,,
17,4,,
18,4,,
19,4,,
20,4,,
21,4,0.0,9.0
23,4,9.0,0.0
24,4,,
26,4,,
28,4,9.0,8.0
29,2,,
30,4,,
31,4,0.0,9.0
32,4,,
33,4,,
34,8,9.0,5.0
35,4,9.0,7.0
36,4,,
37,4,,
40,4,,
41,4,,
42,4,,
43,4,0.0,9.0
44,4,,
45,4,,
46,4,,
47,4,,
48,4,,
49,4,,
50,4,,
51,4,,
52,4,9.0,8.0
53,4,,
54,4,,
55,4,,
58,9,,
59,4,0.0,9.0
60,4,9.0,7.0
61,4,,
62,4,0.0,9.0
63,9,,
64,4,0.0,9.0
65,9,,
66,4,,
67,4,0.0,9.0
69,4,,
70,4,0.0,9.0
71,4,,
73,4,0.0,9.0
74,4,,
75,4,,
76,4,,
77,4,,
78,9,,
79,4,,
80,4,,
81,4,9.0,7.0
82,4,,
83,4,,
84,4,,
86,4,,
87,4,,
88,4,0.0,9.0
89,4,9.0,7.0
90,4,9.0,7.0
91,4,0.0,9.0
92,4,,
93,4,0.0,9.0
94,4,,
95,4,,
97,4,0.0,9.0
98,4,,
99,4,,
100,4,,
101,4,0.0,9.0
102,4,,
103,4,,
104,4,0.0,9.0
105,4,0.0,9.0
106,1,2.0,3.0
107,9,,
108,4,0.0,9.0
109,4,,
110,4,,
111,4,0.0,9.0
112,4,9.0,8.0
114,6,,
115,4,,
116,4,,
117,4,,
118,4,0.0,9.0
120,7,9.0,6.0
121,4,0.0,9.0
122,4,,
123,4,9.0,0.0
124,4,0.0,9.0
125,9,,
126,4,,
127,4,,
128,4,0.0,9.0
129,4,9.0,8.0
130,4,,
131,4,,
132,4,0.0,9.0
134,4,,
135,4,0.0,9.0
136,4,,
137,4,0.0,9.0
138,4,,
139,4,,
140,4,,
141,4,,
142,4,,
143,4,,
144,4,0.0,9.0
145,4,,
146,4,,
147,4,,
148,4,0.0,9.0
149,4,,
150,4,,
151,4,9.0,0.0
152,4,,
154,4,9.0,7.0
155,4,,
156,4,,
157,4,0.0,9.0
158,4,0.0,9.0
159,4,,
160,4,,
161,4,9.0,8.0
162,9,7.0,6.0
163,4,,
164,4,0.0,9.0
165,4,9.0,7.0
166,4,0.0,9.0
167,4,,
169,2,3.0,1.0
170,4,,
171,4,0.0,9.0
172,4,0.0,9.0
173,4,,
174,4,,
175,4,0.0,9.0
176,4,0.0,9.0
177,4,,
178,4,,
179,4,,
180,4,,
181,4,0.0,9.0
182,4,,
183,4,,
184,4,,
185,4,,
187,4,,
188,4,,
189,4,,
190,4,0.0,9.0
191,4,,
192,4,,
193,4,,
194,5,,
195,4,0.0,9.0
196,4,9.0,7.0
197,4,0.0,9.0
199,4,,
200,4,,
201,4,9.0,7.0
202,4,,
203,4,0.0,9.0
204,4,,
205,9,,
206,4,,
207,8,,
208,4,0.0,9.0
209,4,,
211,4,0.0,9.0
212,4,,
213,4,,
214,4,,
215,4,9.0,0.0
216,4,0.0,9.0
217,4,0.0,9.0
218,4,0.0,9.0
219,4,,
220,4,0.0,9.0
222,4,,
224,4,0.0,9.0
225,4,,
226,4,,
227,4,0.0,9.0
228,4,0.0,9.0
229,4,9.0,0.0
230,4,0.0,9.0
231,4,,
232,4,0.0,9.0
233,1,2.0,3.0
234,4,0.0,9.0
235,4,0.0,9.0
236,4,0.0,9.0
237,4,,
238,4,,
241,4,0.0,9.0
242,4,,
243,4,,
244,4,,
245,4,0.0,9.0
246,4,,
248,4,0.0,9.0
249,4,0.0,9.0
250,4,0.0,9.0
251,4,0.0,9.0
252,4,0.0,9.0
253,4,0.0,9.0
254,4,0.0,9.0
255,4,,
257,3,2.0,1.0
258,4,0.0,9.0
259,4,,
260,4,,
261,4,,
263,4,0.0,9.0
264,4,0.0,9.0
265,4,,
266,4,0.0,9.0
267,1,,
268,7,9.0,6.0
269,4,9.0,7.0
270,4,,
271,4,,
272,4,,
273,4,,
274,4,0.0,9.0
275,4,0.0,9.0
276,4,0.0,9.0
277,4,,
278,4,,
279,4,0.0,9.0
280,4,,
281,4,0.0,9.0
282,4,0.0,9.0
283,4,0.0,9.0
284,4,9.0,7.0
285,4,0.0,9.0
286,4,0.0,9.0
287,4,0.0,9.0
289,4,0.0,9.0
290,4,,
291,4,0.0,9.0
292,4,,
293,4,0.0,9.0
294,9,,
295,4,0.0,9.0
296,4,,
297,4,0.0,9.0
298,9,,
299,4,0.0,9.0
300,9,,
301,4,0.0,9.0
302,4,0.0,9.0
303,4,0.0,9.0
304,4,0.0,9.0
305,4,0.0,9.0
306,4,0.0,9.0
307,9,,
308,4,,
309,9,,
310,4,0.0,9.0
311,4,,
312,4,0.0,9.0
314,4,0.0,9.0
315,4,0.0,9.0
316,4,0.0,9.0
317,4,0.0,9.0
318,1,,
319,4,,
321,4,0.0,9.0
322,6,5.0,9.0
323,4,,
324,4,0.0,9.0
326,4,,
327,4,0.0,9.0
328,4,0.0,8.0
329,4,,
331,9,,
332,2,3.0,1.0
333,4,0.0,9.0
334,4,0.0,9.0
335,4,0.0,9.0
336,4,0.0,9.0
337,4,0.0,9.0
338,4,0.0,9.0
339,4,,
340,4,0.0,9.0
341,1,2.0,3.0
343,4,0.0,9.0
344,4,0.0,9.0
345,7,9.0,6.0
346,1,,
350,4,0.0,9.0
351,4,0.0,9.0
352,4,,
353,4,0.0,9.0
354,4,,
356,4,0.0,9.0
357,4,0.0,9.0
358,0,4.0,8.0
360,4,0.0,9.0
361,4,0.0,9.0
362,4,,
363,4,0.0,9.0
364,4,0.0,9.0
365,4,0.0,9.0
366,4,0.0,9.0
367,4,9.0,7.0
368,4,0.0,9.0
369,4,0.0,9.0
370,4,,
371,4,,
372,4,0.0,9.0
373,4,,
374,4,,
375,4,0.0,9.0
376,8,9.0,5.0
377,4,0.0,9.0
378,4,0.0,9.0
379,4,0.0,9.0
381,4,0.0,9.0
382,4,9.0,0.0
383,4,0.0,9.0
384,4,0.0,9.0
385,4,0.0,9.0
386,4,0.0,9.0
387,4,0.0,9.0
388,9,,
389,4,0.0,9.0
390,9,7.0,6.0
391,4,0.0,9.0
392,4,0.0,9.0
393,9,7.0,6.0
394,4,0.0,9.0
395,4,,
396,4,0.0,9.0
397,4,0.0,9.0
398,4,0.0,9.0
399,4,0.0,9.0
400,4,,
401,4,9.0,7.0
402,4,0.0,9.0
403,1,,
404,4,,
405,4,,
406,4,0.0,9.0
407,4,,
408,4,0.0,9.0
409,4,,
410,4,0.0,9.0
411,4,0.0,9.0
412,4,0.0,9.0
413,4,0.0,9.0
414,4,0.0,9.0
415,4,,
416,4,,
417,8,,
418,4,0.0,9.0
419,4,,
420,4,,
421,4,,
422,4,0.0,9.0
423,4,,
424,4,,
425,4,,
426,4,0.0,9.0
428,4,0.0,9.0
429,4,,
430,4,0.0,9.0
431,4,,
432,9,,
433,0,4.0,8.0
434,4,0.0,9.0
436,9,6.0,8.0
437,4,9.0,7.0
438,9,,
439,4,0.0,9.0
440,4,0.0,9.0
441,4,,
442,4,,
443,4,0.0,9.0
444,4,,
445,4,0.0,9.0
446,4,,
447,7,9.0,6.0
448,4,9.0,0.0
449,4,,
450,4,,
451,4,,
453,4,0.0,9.0
454,4,9.0,7.0
455,4,0.0,9.0
457,4,,
458,4,9.0,7.0
459,4,0.0,9.0
460,4,,
461,4,,
462,4,9.0,0.0
463,4,,
464,4,0.0,9.0
465,4,,
466,0,,
467,4,,
468,4,,
469,4,9.0,0.0
470,4,,
471,4,,
473,4,,
474,7,9.0,6.0
476,4,,
478,4,,
479,4,9.0,0.0
480,4,,
481,4,0.0,9.0
482,9,,
483,4,9.0,7.0
484,4,0.0,9.0
485,5,6.0,9.0
486,4,,
488,4,,
489,9,,
490,4,,
491,4,,
492,4,,
493,4,,
494,9,,
495,0,4.0,8.0
496,4,,
497,4,,
498,4,,
499,4,9.0,8.0
500,4,9.0,7.0
501,4,,
502,4,,
503,4,,
504,4,,
506,9,8.0,6.0
507,4,0.0,9.0
508,4,0.0,9.0
509,9,,
510,4,,
511,4,,
512,4,,
513,4,0.0,9.0
514,4,0.0,9.0
515,4,,
516,4,,
517,4,,
518,4,,
520,2,,
521,4,,
523,4,,
524,2,,
525,4,0.0,9.0
526,4,,
527,4,,
528,0,,
529,9,,
531,4,9.0,7.0
532,4,,
533,4,,
534,3,2.0,1.0
535,4,,
536,4,0.0,9.0
537,4,,
538,4,,
539,4,0.0,9.0
540,4,,
542,4,,
543,4,,
544,4,,
546,4,,
547,9,,
548,4,,
549,4,,
551,4,9.0,0.0
552,9,,
553,4,,
554,4,9.0,7.0
555,4,,
556,4,,
557,4,,
558,4,,
559,4,,
560,4,,
561,4,0.0,9.0
562,4,,
563,4,,
564,4,9.0,0.0
565,0,4.0,8.0
566,4,,
568,4,9.0,8.0
569,4,,
570,4,,
571,4,,
572,9,,
573,9,,
574,3,2.0,1.0
575,4,9.0,7.0
576,4,,
577,2,,
578,4,,
579,4,,
580,5,6.0,9.0
581,4,,
582,4,,
583,4,,
584,4,,
585,4,,
586,4,9.0,0.0
587,4,9.0,0.0
588,4,,
589,4,0.0,9.0
591,9,,
592,4,,
593,4,0.0,9.0
594,4,,
595,4,,
596,4,,
597,4,,
598,4,,
599,4,,
600,4,,
601,7,9.0,6.0
602,4,0.0,9.0
603,9,,
604,4,,
605,9,,
606,4,9.0,7.0
607,4,,
609,4,,
610,4,,
611,4,,
612,4,,
613,4,9.0,7.0
614,4,0.0,9.0
615,4,,
616,4,,
617,4,,
618,2,3.0,1.0
619,4,,
620,4,,
621,4,9.0,7.0
622,4,,
623,4,9.0,7.0
625,4,,
626,4,,
627,4,,
628,4,0.0,9.0
629,4,0.0,9.0
630,4,,
631,4,,
632,4,9.0,7.0
633,4,,
634,4,,
636,4,,
637,4,,
638,0,4.0,8.0
639,4,9.0,0.0
640,8,9.0,5.0
641,4,,
642,7,9.0,6.0
643,4,9.0,7.0
644,4,9.0,7.0
645,4,9.0,0.0
646,4,,
647,4,9.0,7.0
649,4,9.0,8.0
650,4,,
651,4,,
652,8,,
653,4,9.0,7.0
654,4,9.0,7.0
655,4,9.0,8.0
656,9,,
657,4,0.0,9.0
658,3,2.0,1.0
659,6,,
660,4,9.0,7.0
662,4,0.0,9.0
663,4,,
664,3,2.0,1.0
665,9,,
667,4,,
668,4,,
669,9,,
670,4,9.0,8.0
671,4,0.0,9.0
672,4,,
673,4,,
674,4,,
675,6,5.0,9.0
676,4,0.0,9.0
677,4,,
678,4,0.0,9.0
679,4,,
681,4,,
682,4,9.0,7.0
683,4,,
685,4,9.0,7.0
687,4,0.0,9.0
688,4,,
689,2,3.0,1.0
690,4,,
691,4,9.0,0.0
693,4,9.0,7.0
694,4,,
695,4,9.0,7.0
696,4,9.0,0.0
697,4,,
698,4,9.0,7.0
699,3,2.0,1.0
700,4,,
701,4,,
702,0,4.0,8.0
703,4,,
704,4,,
705,4,,
706,4,,
707,8,9.0,5.0
708,4,,
710,9,,
711,4,9.0,7.0
713,4,,
714,4,,
715,4,9.0,7.0
716,4,,
717,4,,
718,4,9.0,7.0
719,4,,
720,4,,
721,4,,
722,4,0.0,9.0
723,4,9.0,7.0
724,4,,
725,4,,
726,4,0.0,9.0
727,4,9.0,8.0
728,4,,
729,4,9.0,7.0
730,4,9.0,8.0
731,4,9.0,7.0
732,4,9.0,7.0
733,4,9.0,7.0
734,4,,
735,4,,
736,4,,
738,4,,
739,4,,
740,4,,
741,9,8.0,6.0
742,4,,
743,4,,
744,6,5.0,9.0
745,4,9.0,7.0
746,4,,
747,4,,
748,4,0.0,9.0
749,4,9.0,7.0
750,9,,
751,4,9.0,8.0
752,9,,
753,4,,
754,4,,
755,1,2.0,3.0
756,4,,
757,4,,
758,4,,
760,4,,
761,4,,
762,4,9.0,8.0
763,4,,
764,4,,
765,4,,
766,4,9.0,8.0
767,4,9.0,7.0
768,4,,
769,4,,
770,4,,
771,0,4.0,8.0
772,4,,
773,4,9.0,8.0
774,4,,
775,4,,
776,4,9.0,0.0
777,4,,
778,4,,
780,4,,
781,4,,
782,4,,
783,4,0.0,9.0
784,7,9.0,6.0
785,4,9.0,7.0
786,4,,
787,4,9.0,0.0
788,4,0.0,9.0
789,4,,
790,4,0.0,9.0
792,4,,
793,4,,
794,4,,
795,9,,
796,4,9.0,7.0
797,4,,
798,4,,
799,4,9.0,7.0
800,4,0.0,9.0
801,4,,
804,4,,
805,4,,
806,4,9.0,8.0
807,4,,
808,4,,
809,4,,
810,4,,
811,4,,
812,4,,
813,9,,
814,5,6.0,9.0
815,4,,
816,4,9.0,0.0
817,4,9.0,7.0
818,4,,
819,4,,
820,4,,
821,4,,
822,4,9.0,7.0
823,4,,
824,4,,
826,4,,
827,4,,
828,4,,
829,4,9.0,7.0
830,4,,
831,4,,
832,4,,
833,4,9.0,7.0
834,4,9.0,7.0
835,4,,
837,4,,
838,4,,
839,9,,
840,4,,
841,4,,
842,4,,
843,4,0.0,9.0
844,4,,
845,4,0.0,9.0
846,4,,
847,4,9.0,8.0
848,4,,
849,4,9.0,0.0
850,4,9.0,8.0
851,4,,
852,4,,
854,4,9.0,7.0
855,4,,
857,4,,
858,4,,
859,4,,
860,4,,
861,4,,
862,4,,
863,4,,
864,4,,
865,3,2.0,1.0
866,4,,
867,4,9.0,8.0
868,9,,
869,4,,
870,4,,
871,4,,
872,5,6.0,9.0
873,4,,
874,4,,
875,4,,
876,4,,
877,4,9.0,8.0
878,4,,
879,4,9.0,7.0
880,4,,
881,4,0.0,9.0
882,4,9.0,8.0
883,4,,
884,4,,
885,4,9.0,8.0
886,4,,
887,4,,
888,4,,
889,4,,
891,4,9.0,0.0
892,4,,
893,4,9.0,0.0
894,4,,
895,4,,
896,4,,
897,4,,
898,4,9.0,0.0
899,4,,
900,4,,
901,4,9.0,8.0
902,4,,
903,4,,
904,4,,
906,4,,
907,6,5.0,9.0
908,9,,
909,3,2.0,1.0
910,4,0.0,9.0
911,4,0.0,9.0
912,4,,
913,1,2.0,3.0
914,4,,
915,4,,
916,4,,
917,4,,
918,4,,
919,9,,
920,4,9.0,8.0
921,6,,
922,4,,
923,4,,
924,4,,
925,4,,
926,4,,
928,4,,
929,4,,
930,4,,
931,4,9.0,7.0
932,4,,
933,4,,
934,4,,
935,4,,
936,4,,
938,4,,
939,4,,
940,4,,
941,9,,
942,4,,
943,4,,
944,4,,
946,4,,
947,4,,
949,8,,
950,4,0.0,8.0
951,4,,
952,9,,
953,9,6.0,8.0
954,4,9.0,0.0
955,4,0.0,9.0
956,4,9.0,7.0
957,4,9.0,7.0
958,4,,
959,4,9.0,8.0
960,4,,
961,6,5.0,9.0
962,9,,
963,4,,
965,5,6.0,9.0
966,4,,
967,4,,
968,4,,
969,4,,
970,4,0.0,9.0
972,4,,
973,4,,
974,9,,
975,4,,
976,4,,
977,4,,
978,4,,
979,4,0.0,9.0
980,4,9.0,0.0
982,4,,
983,4,,
984,4,,
985,4,,
986,4,,
987,4,0.0,9.0
989,4,,
990,4,,
991,4,,
992,4,,
994,4,,
995,4,,
996,0,,
997,4,,
998,4,0.0,9.0
999,9,,
1000,1,,
1001,4,,
1002,4,,
1003,9,,
1004,4,,
1005,4,0.0,9.0
1006,4,,
1007,4,0.0,9.0
1008,4,0.0,9.0
1009,4,,
1010,4,0.0,9.0
1011,4,,
1012,8,9.0,5.0
1013,4,,
1014,5,6.0,9.0
1015,4,,
1016,4,,
1017,4,,
1018,4,9.0,8.0
1019,4,,
1020,4,9.0,8.0
1021,4,,
1022,4,,
1023,4,,
1024,4,,
1025,4,,
1026,4,,
1027,4,9.0,7.0
1028,4,,
1029,9,7.0,6.0
1030,4,,
1031,4,,
1034,2,3.0,1.0
1035,9,,
1036,4,,
1037,9,8.0,6.0
1038,9,7.0,6.0
1039,2,3.0,1.0
1040,4,,
1041,4,,
1042,4,,
1044,4,9.0,0.0
1045,4,,
1046,4,,
1047,4,,
1048,4,,
1049,4,,
1051,4,,
1053,4,,
1054,4,,
1055,9,,
1056,4,,
1057,4,9.0,7.0
1058,4,,
1059,4,,
1060,4,,
1061,4,,
1062,7,,
1064,4,,
1065,4,,
1066,4,,
1067,4,,
1068,4,,
1069,4,,
1071,4,,
1072,4,,
1073,4,9.0,0.0
1074,4,,
1075,4,,
1076,4,,
1077,9,,
1078,4,,
1079,4,,
1080,4,9.0,0.0
1081,4,,
1082,4,,
1083,4,,
1084,4,,
1085,4,,
1086,4,,
1087,4,,
1089,4,,
1090,9,,
1092,4,,
1094,4,,
1095,4,,
1096,4,,
1097,4,0.0,9.0
1098,1,2.0,3.0
1099,4,,
1100,4,,
1101,4,,
1102,4,,
1104,5,6.0,9.0
1105,9,8.0,6.0
1106,4,,
1107,4,,
1108,4,,
1109,4,,
1110,4,,
1111,4,,
1112,4,,
1113,9,,
1114,2,,
1115,4,,
1116,4,9.0,7.0
1117,4,,
1119,4,,
1120,4,9.0,7.0
1121,5,6.0,9.0
1122,4,,
1123,4,,
1124,4,,
1125,4,,
1126,4,,
1127,4,,
1128,4,,
1129,4,,
1131,4,,
1132,4,9.0,7.0
1133,4,,
1134,4,0.0,9.0
1135,4,,
1136,4,,
1137,4,0.0,9.0
1138,9,,
1139,4,,
1140,9,,
1141,4,,
1142,4,,
1143,4,,
1144,5,6.0,9.0
1146,4,0.0,9.0
1147,4,,
1148,4,,
1150,4,,
1151,4,,
1152,9,7.0,6.0
1153,4,0.0,9.0
1154,4,0.0,9.0
1155,4,,
1156,4,,
1157,4,,
1158,4,0.0,9.0
1159,4,,
1160,4,,
1161,4,,
1162,4,,
1163,4,0.0,9.0
1164,4,,
1165,4,0.0,9.0
1166,4,,
1167,4,,
1168,4,,
1169,4,0.0,9.0
1170,4,9.0,0.0
1171,4,,
1172,4,,
1173,2,3.0,1.0
1174,4,,
1175,4,,
1176,4,,
1177,4,,
1178,4,9.0,8.0
1179,4,,
1180,4,,
1181,4,0.0,9.0
1182,4,,
1184,4,9.0,8.0
1185,4,,
1186,4,,
1187,4,,
1188,6,5.0,9.0
1189,4,,
1190,4,,
1191,4,,
1192,4,0.0,8.0
1193,4,,
1194,9,,
1195,4,,
1196,4,,
1197,4,,
1198,4,0.0,9.0
1199,4,0.0,9.0
1200,4,9.0,0.0
1201,9,,
1202,4,0.0,9.0
1203,4,9.0,8.0
1204,4,0.0,9.0
1205,4,,
1206,4,,
1207,4,9.0,7.0
1208,4,9.0,0.0
1209,5,,
1210,4,,
1211,4,,
1212,4,9.0,8.0
1213,4,9.0,7.0
1214,4,0.0,9.0
1215,4,,
1217,4,,
1218,4,,
1219,4,,
1220,4,,
1221,4,,
1222,9,,
1223,4,,
1224,4,,
1225,9,,
1226,4,9.0,8.0
1227,4,,
1228,4,0.0,9.0
1230,4,,
1231,4,,
1232,4,,
1233,4,,
1234,4,0.0,8.0
1235,4,,
1236,3,2.0,1.0
1237,4,0.0,9.0
1238,4,9.0,0.0
1239,4,,
1240,4,,
1241,4,,
1244,4,,
1245,4,0.0,9.0
1246,9,,
1247,4,,
1248,4,9.0,0.0
1249,4,,
1250,4,0.0,9.0
1251,6,5.0,9.0
1252,4,0.0,9.0
1254,4,0.0,9.0
1255,4,,
1256,4,,
1257,4,0.0,8.0
1258,4,,
1259,9,,
1260,4,0.0,9.0
1261,9,,
1262,4,,
1263,4,,
1264,8,,
1265,4,,
1266,4,0.0,8.0
1267,4,,
1268,9,,
1269,4,,
1270,4,,
1271,1,,
1272,4,,
1273,2,,
1274,4,,
1275,4,0.0,8.0
1276,4,0.0,9.0
1277,4,,
1278,4,,
1279,4,,
1280,4,0.0,8.0
1281,1,2.0,3.0
1282,4,0.0,8.0
1283,4,,
1284,4,,
1285,4,9.0,0.0
1286,1,2.0,3.0
1287,4,0.0,8.0
1288,9,8.0,6.0
1290,4,,
1291,4,0.0,9.0
1292,4,,
1293,4,,
1294,4,,
1295,4,,
1296,4,,
1297,4,,
1298,4,,
1299,4,0.0,9.0
1300,4,,
1301,9,8.0,6.0
1302,4,,
1303,4,,
1304,4,,
1305,4,,
1306,4,0.0,9.0
1307,4,9.0,7.0
1308,9,,
1309,1,2.0,3.0
1310,4,0.0,9.0
1311,4,,
1312,4,0.0,8.0
1313,4,0.0,9.0
1314,4,,
1316,4,,
1317,4,9.0,0.0
1318,9,8.0,6.0
1319,4,,
1320,4,,
1321,4,9.0,8.0
1322,4,,
1324,4,,
1325,4,,
1327,4,,
1328,4,0.0,8.0
1329,4,,
1330,4,,
1331,4,0.0,9.0
1332,9,,
1333,4,9.0,7.0
1334,4,0.0,8.0
1335,4,0.0,8.0
1336,4,,
1337,9,,
1338,4,,
1339,4,0.0,9.0
1340,4,,
1341,6,5.0,9.0
1342,4,,
1344,4,,
1345,3,,
1346,4,0.0,9.0
1347,4,0.0,9.0
1349,9,,
1350,9,,
1351,4,,
1352,4,,
1353,9,,
1354,4,,
1355,4,0.0,9.0
1356,9,,
1357,4,0.0,8.0
1360,4,,
1361,4,9.0,8.0
1362,4,,
1363,4,0.0,9.0
1365,4,,
1366,4,0.0,9.0
1367,4,,
1368,4,,
1369,4,,
1370,4,,
1371,8,9.0,5.0
1372,4,0.0,9.0
1373,4,9.0,8.0
1375,4,0.0,9.0
1376,4,0.0,9.0
1378,4,,
1379,4,,
1380,4,0.0,9.0
1381,4,,
1382,4,9.0,7.0
1383,4,0.0,9.0
1384,4,,
1385,4,,
1386,4,0.0,9.0
1388,9,,
1389,4,9.0,7.0
1390,4,,
1391,4,0.0,9.0
1392,4,,
1393,4,,
1394,4,0.0,9.0
1395,4,,
1396,4,0.0,9.0
1397,4,0.0,8.0
1398,4,,
1399,4,0.0,8.0
1400,4,0.0,8.0
1401,4,,
1402,4,,
1403,4,0.0,9.0
1404,9,,
1405,4,9.0,0.0
1406,4,,
1407,4,0.0,8.0
1408,8,,
1409,4,0.0,9.0
1410,4,,
1411,4,,
1412,4,,
1413,4,,
1414,9,,
1416,9,,
1417,9,,
1418,3,2.0,1.0
1420,4,0.0,9.0
1421,4,0.0,8.0
1422,4,0.0,9.0
1423,4,0.0,9.0
1424,4,,
1425,4,0.0,9.0
1426,4,9.0,8.0
1427,9,,
1429,4,0.0,8.0
1430,4,,
1431,4,0.0,9.0
1432,4,0.0,9.0
1434,4,0.0,9.0
1435,4,0.0,9.0
1436,4,9.0,7.0
1437,4,9.0,7.0
1438,4,,
1439,4,0.0,9.0
1441,4,,
1442,4,,
1443,4,0.0,8.0
1444,4,,
1445,4,,
1446,4,,
1447,4,,
1448,4,,
1450,4,,
1451,4,0.0,9.0
1452,4,0.0,9.0
1453,4,9.0,7.0
1454,4,0.0,9.0
1455,4,0.0,9.0
1456,4,0.0,8.0
1457,4,0.0,9.0
1459,4,,
1460,4,0.0,9.0
1461,4,9.0,8.0
1462,4,,
1463,4,0.0,9.0
1464,9,8.0,6.0
1465,4,0.0,9.0
1466,4,0.0,9.0
1468,0,4.0,8.0
1469,4,0.0,9.0
1470,4,9.0,8.0
1471,4,0.0,9.0
1472,4,,
1473,4,,
1474,4,0.0,9.0
1475,4,,
1476,4,9.0,7.0
1477,4,0.0,8.0
1478,4,0.0,9.0
1479,4,,
1480,4,0.0,8.0
1481,4,,
1482,4,,
1483,4,0.0,9.0
1484,4,0.0,9.0
1485,4,0.0,9.0
1486,4,9.0,8.0
1488,9,,
1489,4,,
1490,4,0.0,9.0
1491,4,0.0,8.0
1492,9,,
1493,4,0.0,9.0
1495,4,0.0,9.0
1496,4,,
1497,3,,
1499,4,0.0,8.0
1500,4,9.0,7.0
1501,4,0.0,9.0
1502,4,,
1503,4,0.0,9.0
1504,4,0.0,9.0
1505,4,9.0,8.0
1506,4,,
1507,4,0.0,9.0
1508,4,9.0,8.0
1509,4,0.0,8.0
1510,4,0.0,9.0
1511,4,,
1512,4,,
1513,9,7.0,6.0
1514,4,0.0,8.0
1515,4,9.0,8.0
1516,1,2.0,3.0
1517,4,0.0,9.0
1519,4,0.0,8.0
1520,4,9.0,0.0
1521,4,0.0,9.0
1522,4,0.0,9.0
1523,4,0.0,9.0
1524,4,9.0,8.0
1525,4,0.0,8.0
1526,4,0.0,9.0
1527,4,,
1528,4,,
1529,4,,
1530,9,,
1531,4,0.0,8.0
1532,4,,
1533,4,0.0,9.0
1534,4,0.0,9.0
1535,4,0.0,9.0
1536,4,0.0,9.0
1537,4,0.0,8.0
1538,4,0.0,8.0
1539,4,0.0,9.0
1540,4,0.0,9.0
1541,4,0.0,9.0
1542,4,,
1543,4,0.0,9.0
1544,4,0.0,9.0
1545,4,0.0,9.0
1546,4,0.0,8.0
1547,4,0.0,9.0
1548,4,0.0,8.0
1549,9,,
1550,4,0.0,9.0
1551,4,,
1552,4,,
1553,4,0.0,9.0
1554,4,0.0,9.0
1555,4,0.0,9.0
1556,9,8.0,6.0
1557,4,0.0,9.0
1558,4,0.0,9.0
1560,9,,
1561,4,0.0,9.0
1562,4,0.0,9.0
1563,3,2.0,1.0
1564,9,8.0,6.0
1565,4,0.0,8.0
1567,4,0.0,9.0
1568,4,0.0,9.0
1569,4,0.0,9.0
1570,4,,
1571,4,9.0,7.0
1574,4,,
1575,4,,
1576,4,9.0,7.0
1577,4,0.0,9.0
1578,4,9.0,0.0
1579,4,0.0,9.0
1580,4,0.0,9.0
1581,4,0.0,9.0
1582,4,0.0,9.0
1583,4,0.0,8.0
1584,4,0.0,8.0
1585,4,0.0,9.0
1587,4,,
1588,4,0.0,9.0
1589,4,0.0,8.0
1590,4,0.0,8.0
1591,4,9.0,0.0
1592,4,0.0,9.0
1593,9,,
1594,9,,
1595,4,0.0,9.0
1596,8,9.0,5.0
1598,4,,
1599,4,0.0,8.0
1600,4,9.0,8.0
1601,4,0.0,9.0
1602,4,0.0,9.0
1603,4,0.0,8.0
1604,1,,
1605,4,0.0,9.0
1606,4,0.0,9.0
1607,4,0.0,9.0
1608,4,9.0,8.0
1609,4,0.0,8.0
1610,4,0.0,9.0
1612,4,0.0,9.0
1613,4,9.0,7.0
1614,4,0.0,9.0
1615,4,0.0,9.0
1616,4,9.0,8.0
1617,4,,
1618,4,0.0,8.0
1619,4,0.0,9.0
1620,4,0.0,9.0
1621,4,0.0,9.0
1622,4,,
1623,4,,
1624,4,0.0,8.0
1625,4,0.0,9.0
1626,4,0.0,9.0
1627,4,0.0,9.0
1628,9,8.0,6.0
1629,4,0.0,9.0
1630,4,0.0,8.0
1631,1,2.0,3.0
1632,4,0.0,8.0
1633,4,0.0,9.0
1634,4,0.0,9.0
1635,4,0.0,9.0
1636,4,,
1637,4,,
1638,4,9.0,0.0
1639,4,0.0,9.0
1640,4,0.0,9.0
1641,4,0.0,9.0
1642,4,,
1643,4,0.0,9.0
1644,4,0.0,8.0
1645,4,,
1646,4,0.0,9.0
1647,4,0.0,9.0
1648,4,0.0,9.0
1649,4,,
1650,9,,
1651,4,0.0,9.0
1652,4,0.0,9.0
1653,4,0.0,9.0
1654,4,0.0,9.0
1655,4,0.0,9.0
1656,4,0.0,9.0
1657,4,0.0,9.0
1658,4,0.0,9.0
1659,4,0.0,9.0
1660,4,0.0,9.0
1663,4,0.0,8.0
1664,4,0.0,9.0
1665,4,0.0,9.0
1666,4,0.0,9.0
1667,4,0.0,9.0
1668,4,0.0,8.0
1669,4,0.0,9.0
1670,4,0.0,8.0
1671,4,0.0,9.0
1672,4,9.0,8.0
1673,4,0.0,9.0
1674,8,9.0,5.0
1675,4,0.0,9.0
1676,4,9.0,0.0
1677,4,0.0,9.0
1679,4,0.0,9.0
1680,4,9.0,0.0
1681,4,0.0,9.0
1682,4,0.0,9.0
1683,4,0.0,8.0
1684,4,,
1685,4,0.0,9.0
1686,4,0.0,9.0
1687,4,0.0,9.0
1688,4,0.0,9.0
1689,4,0.0,9.0
1690,4,9.0,0.0
1691,4,0.0,9.0
1692,4,0.0,9.0
1693,8,9.0,5.0
1695,4,0.0,8.0
1696,4,0.0,9.0
1697,4,0.0,9.0
1698,4,0.0,9.0
1699,4,0.0,9.0
1700,4,,
1701,4,0.0,9.0
1702,4,0.0,9.0
1703,4,0.0,9.0
1704,4,0.0,8.0
1705,4,0.0,9.0
1707,4,0.0,9.0
1708,4,9.0,8.0
1709,4,0.0,9.0
1710,4,0.0,9.0
1711,4,0.0,9.0
1712,4,,
1713,4,0.0,9.0
1714,4,0.0,9.0
1715,4,,
1716,4,0.0,9.0
1717,4,,
1718,4,0.0,9.0
1719,4,0.0,9.0
1720,9,6.0,8.0
1721,0,4.0,8.0
1722,4,0.0,9.0
1723,4,0.0,9.0
1724,4,0.0,9.0
1725,4,0.0,9.0
1726,4,,
1727,4,0.0,9.0
1728,4,,
1729,4,0.0,9.0
1730,4,9.0,0.0
1731,4,0.0,9.0
1732,4,9.0,0.0
1733,4,0.0,9.0
1734,4,0.0,9.0
1735,4,0.0,9.0
1736,4,0.0,9.0
1737,4,0.0,9.0
1738,4,0.0,9.0
1739,4,9.0,0.0
1740,4,0.0,9.0
1741,4,0.0,9.0
1742,4,,
1743,6,,
1744,4,0.0,9.0
1745,4,0.0,9.0
1746,4,0.0,9.0
1747,4,0.0,9.0
1748,4,0.0,9.0
1749,4,,
1750,4,0.0,9.0
1751,4,0.0,9.0
1752,4,0.0,9.0
1753,4,0.0,9.0
1754,4,0.0,9.0
1755,4,0.0,9.0
1756,4,,
1757,4,0.0,9.0
1758,0,4.0,8.0
1759,4,0.0,9.0
1760,4,0.0,9.0
1761,4,0.0,9.0
1762,4,,
1763,3,2.0,1.0
1764,4,0.0,9.0
1765,4,0.0,9.0
1766,4,0.0,9.0
1767,8,9.0,5.0
1768,4,0.0,9.0
1769,4,0.0,9.0
1770,4,,
1771,4,0.0,9.0
1772,4,0.0,9.0
1773,4,9.0,0.0
1774,4,0.0,9.0
1775,4,0.0,9.0
1776,4,0.0,9.0
1777,4,9.0,0.0
1778,4,0.0,9.0
1779,4,0.0,9.0
1780,4,,
1782,4,0.0,9.0
1783,4,9.0,0.0
1784,4,0.0,9.0
1785,4,9.0,0.0
1786,8,9.0,5.0
1787,4,0.0,9.0
1788,8,9.0,5.0
1789,4,0.0,9.0
1790,4,0.0,9.0
1791,4,0.0,9.0
1792,4,0.0,9.0
1794,4,0.0,9.0
1795,4,9.0,0.0
1796,4,0.0,9.0
1797,8,,
1798,9,6.0,8.0
1799,4,0.0,9.0
1800,4,,
1801,4,0.0,9.0
1802,4,0.0,9.0
1803,4,0.0,9.0
1804,4,0.0,9.0
1805,4,0.0,9.0
1806,4,0.0,9.0
1807,9,8.0,6.0
1808,4,0.0,9.0
1809,4,0.0,9.0
1810,2,3.0,1.0
1811,9,,
1812,4,0.0,9.0
1813,4,0.0,9.0
1814,4,0.0,9.0
1815,4,0.0,9.0
1816,4,0.0,9.0
1817,4,9.0,0.0
1818,4,0.0,9.0
1819,4,9.0,0.0
1820,4,0.0,9.0
1821,4,0.0,9.0
1822,4,,
1823,4,9.0,8.0
1824,4,0.0,9.0
1825,0,,
1826,8,9.0,5.0
1827,4,0.0,9.0
1828,4,0.0,9.0
1829,4,0.0,9.0
1830,4,0.0,9.0
1832,4,9.0,0.0
1833,4,9.0,0.0
1834,4,9.0,0.0
1835,4,9.0,8.0
1836,4,0.0,9.0
1837,1,,
1838,4,0.0,9.0
1839,4,9.0,0.0
1840,4,0.0,9.0
1842,4,9.0,0.0
1843,4,9.0,7.0
1844,4,9.0,0.0
1845,4,0.0,9.0
1846,4,0.0,9.0
1847,4,0.0,9.0
1848,9,,
1849,4,0.0,9.0
1850,4,9.0,0.0
1852,4,0.0,9.0
1853,4,9.0,0.0
1854,4,0.0,9.0
1855,4,9.0,8.0
1856,4,9.0,0.0
1857,4,0.0,9.0
1858,4,0.0,9.0
1860,4,9.0,8.0
1861,4,9.0,0.0
1862,4,9.0,0.0
1863,4,9.0,8.0
1865,6,5.0,9.0
1866,4,9.0,0.0
1867,4,0.0,9.0
1868,4,0.0,9.0
1869,4,9.0,0.0
1871,4,9.0,7.0
1872,0,4.0,8.0
1874,4,0.0,9.0
1875,4,9.0,0.0
1876,4,,
1878,4,0.0,9.0
1879,4,0.0,9.0
1880,4,0.0,9.0
1882,4,,
1883,1,2.0,3.0
1884,9,6.0,8.0
1885,3,2.0,1.0
1886,4,9.0,0.0
1887,4,0.0,9.0
1888,4,9.0,0.0
1889,4,9.0,0.0
1890,9,,
1891,4,9.0,0.0
1892,4,9.0,0.0
1893,4,9.0,0.0
1894,4,9.0,0.0
1895,7,9.0,6.0
1898,4,0.0,9.0
1900,9,,
1901,9,,
1902,4,0.0,9.0
1903,4,0.0,9.0
1904,9,,
1905,4,9.0,0.0
1906,0,,
1907,4,0.0,9.0
1908,4,9.0,0.0
1909,4,0.0,9.0
1910,4,9.0,8.0
1911,4,9.0,0.0
1912,4,9.0,0.0
1913,4,9.0,8.0
1914,4,9.0,8.0
1915,4,9.0,0.0
1916,4,,
1917,4,9.0,0.0
1918,4,9.0,7.0
1919,4,9.0,0.0
1920,4,9.0,8.0
1921,4,9.0,0.0
1922,4,9.0,8.0
1923,4,9.0,0.0
1924,4,9.0,8.0
1925,4,0.0,9.0
1926,4,9.0,8.0
1927,4,,
1928,4,0.0,9.0
1929,1,,
1930,4,9.0,0.0
1931,4,9.0,0.0
1932,4,9.0,8.0
1933,4,,
1934,4,,
1935,4,9.0,0.0
1936,0,4.0,8.0
1937,4,9.0,0.0
1938,4,9.0,8.0
1940,4,0.0,9.0
1941,4,0.0,9.0
1942,4,9.0,8.0
1943,4,9.0,0.0
1945,4,9.0,8.0
1946,4,0.0,9.0
1947,4,9.0,8.0
1948,4,9.0,0.0
1949,4,9.0,0.0
1950,4,,
1951,4,0.0,9.0
1952,4,,
1953,4,0.0,9.0
1954,4,9.0,0.0
1955,9,8.0,6.0
1956,4,9.0,8.0
1957,4,,
1958,4,9.0,8.0
1959,4,9.0,0.0
1960,4,9.0,0.0
1961,4,,
1962,4,9.0,8.0
1963,4,9.0,8.0
1964,4,9.0,0.0
1965,4,9.0,0.0
1966,4,9.0,0.0
1967,4,9.0,8.0
1968,4,9.0,8.0
1969,9,,
1970,4,9.0,8.0
1971,4,9.0,0.0
1972,4,9.0,8.0
1973,4,9.0,8.0
1974,4,,
1975,4,9.0,8.0
1976,9,,
1977,4,0.0,9.0
1980,4,9.0,0.0
1981,4,9.0,0.0
1982,4,9.0,8.0
1983,4,9.0,0.0
1984,4,9.0,8.0
1985,4,9.0,8.0
1986,4,0.0,9.0
1987,4,,
1989,4,9.0,7.0
1990,4,9.0,8.0
1991,4,,
1992,4,,
1993,4,0.0,9.0
1994,4,9.0,8.0
1995,4,9.0,0.0
1996,4,0.0,9.0
1997,4,9.0,8.0
1998,9,,
1999,4,9.0,0.0
2000,4,9.0,8.0
2001,9,,
2002,8,9.0,5.0
2003,4,,
2004,4,,
2005,4,9.0,8.0
2006,4,9.0,0.0
2007,4,9.0,7.0
2008,4,,
2009,4,0.0,9.0
2010,4,9.0,8.0
2011,4,9.0,0.0
2013,2,3.0,1.0
2014,4,0.0,9.0
2015,9,,
2016,4,,
2017,4,,
2019,4,9.0,7.0
2020,4,9.0,8.0
2021,4,,
2022,4,9.0,0.0
2023,4,9.0,8.0
2024,4,9.0,8.0
2025,4,9.0,8.0
2026,9,,
2027,4,9.0,8.0
2028,4,9.0,8.0
2029,8,9.0,5.0
2030,4,,
2031,4,9.0,8.0
2032,4,0.0,9.0
2033,9,,
2034,4,0.0,9.0
2035,9,,
2036,9,6.0,8.0
2037,5,6.0,9.0
2038,6,5.0,9.0
2039,4,,
2040,4,9.0,8.0
2042,4,9.0,7.0
2043,4,,
2045,4,9.0,0.0
2046,4,,
2047,4,,
2048,4,9.0,8.0
2049,9,6.0,8.0
2050,4,9.0,8.0
2051,4,0.0,9.0
2052,4,0.0,9.0
2053,4,9.0,0.0
2054,4,9.0,8.0
2055,4,0.0,9.0
2056,4,,
2057,4,9.0,0.0
2058,4,,
2059,4,,
2060,4,,
2061,4,9.0,8.0
2062,4,9.0,0.0
2063,4,,
2064,4,9.0,8.0
2065,4,,
2066,4,9.0,0.0
2069,4,9.0,8.0
2070,4,,
2071,4,0.0,9.0
2072,4,,
2073,4,9.0,0.0
2074,4,9.0,7.0
2075,4,,
2076,4,9.0,8.0
2077,7,9.0,6.0
2078,4,,
2079,4,9.0,8.0
2080,4,,
2081,4,9.0,8.0
2082,4,9.0,8.0
2083,4,,
2084,4,9.0,8.0
2085,4,,
2086,4,,
2087,4,9.0,8.0
2088,4,9.0,8.0
2089,4,,
2090,4,9.0,8.0
2091,4,0.0,9.0
2092,4,9.0,8.0
2095,4,,
2096,9,,
2097,4,,
2098,4,,
2100,4,,
2102,4,,
2103,4,,
2104,4,,
2105,4,9.0,7.0
2106,4,,
2107,9,8.0,6.0
2108,4,9.0,0.0
2109,4,,
2110,4,,
2111,4,,
2112,4,,
2113,4,9.0,8.0
2114,4,,
2117,4,,
2118,4,,
2119,4,,
2120,4,9.0,8.0
2121,4,9.0,8.0
2122,9,7.0,6.0
2123,4,9.0,7.0
2124,0,4.0,8.0
2125,4,9.0,8.0
2126,9,,
2127,9,8.0,6.0
2128,6,5.0,9.0
2129,4,,
2131,4,0.0,9.0
2132,4,,
2133,4,9.0,0.0
2134,4,,
2136,4,,
2137,4,9.0,7.0
2138,4,,
2140,9,,
2141,4,,
2142,4,0.0,9.0
2143,4,,
2144,4,,
2145,4,,
2146,9,,
2147,4,,
2148,4,,
2149,4,0.0,9.0
2150,4,,
2151,4,,
2152,3,2.0,1.0
2153,4,0.0,9.0
2154,4,,
2155,4,,
2156,4,,
2157,4,,
2158,4,,
2159,4,9.0,8.0
2160,4,,
2161,4,,
2163,4,,
2164,4,0.0,9.0
2165,8,,
2166,4,9.0,8.0
2167,4,,
2169,4,,
2170,8,,
2171,3,2.0,1.0
2172,4,9.0,0.0
2173,9,,
2174,4,,
2175,9,,
2176,4,9.0,8.0
2177,4,,
2178,4,,
2179,4,,
2180,4,,
2181,7,9.0,6.0
2182,4,0.0,9.0
2183,4,,
2184,4,,
2185,4,9.0,8.0
2186,4,,
2187,4,,
2188,4,,
2189,4,,
2191,4,,
2192,4,,
2193,4,,
2195,4,,
2196,9,,
2197,4,,
2198,4,,
2200,4,,
2201,4,,
2202,4,,
2203,4,,
2204,4,,
2205,4,,
2206,4,9.0,7.0
2207,8,,
2208,4,,
2209,4,,
2210,4,9.0,8.0
2211,4,,
2212,4,,
2213,4,,
2215,4,9.0,8.0
2216,4,,
2218,4,9.0,8.0
2219,4,,
2220,4,9.0,8.0
2221,4,,
2223,4,,
2224,4,,
2225,4,9.0,8.0
2226,4,,
2227,4,9.0,8.0
2228,4,,
2229,4,,
2230,4,,
2231,4,,
2232,4,9.0,7.0
2233,4,,
2234,4,0.0,9.0
2235,4,9.0,8.0
2236,4,,
2237,4,9.0,7.0
2238,4,,
2239,4,,
2240,4,,
2241,4,9.0,8.0
2242,4,,
2243,4,,
2244,4,9.0,8.0
2245,4,,
2247,4,,
2248,4,,
2249,4,,
2251,4,,
2252,4,,
2253,4,,
2254,4,,
2255,4,,
2256,4,,
2257,4,,
2259,4,,
2260,4,,
2261,4,,
2262,9,,
2263,4,,
2264,4,9.0,7.0
2265,4,,
2266,4,,
2267,4,,
2269,4,,
2270,7,9.0,6.0
2271,4,,
2272,4,,
2273,4,,
2274,4,0.0,9.0
2276,4,,
2277,9,,
2278,4,,
2279,4,0.0,9.0
2280,4,,
2281,4,,
2282,2,3.0,1.0
2283,4,,
2284,4,,
2285,4,,
2286,4,,
2287,4,,
2288,4,,
2289,4,,
2290,4,,
2291,4,,
2292,9,8.0,6.0
2294,4,,
2295,4,,
2296,4,,
2297,4,,
2298,4,9.0,8.0
2299,4,,
2300,4,,
2301,4,,
2302,4,,
2303,4,,
2304,4,,
2305,4,,
2306,4,,
2307,4,0.0,9.0
2308,4,,
2309,6,5.0,9.0
2310,4,,
2311,4,,
2312,4,9.0,8.0
2313,9,7.0,6.0
2314,4,,
2315,4,,
2316,4,,
2317,4,,
2318,4,9.0,8.0
2319,4,,
2320,4,,
2321,4,9.0,8.0
2322,4,,
2324,4,0.0,9.0
2325,4,,
2327,9,,
2328,4,,
2329,4,,
2330,4,,
2331,4,,
2332,4,9.0,8.0
2333,4,,
2334,4,,
2335,4,0.0,9.0
2336,4,,
2337,4,0.0,9.0
2338,4,,
2339,4,,
2340,4,9.0,8.0
2341,4,,
2342,4,0.0,9.0
2343,4,,
2344,4,,
2346,4,9.0,0.0
2347,4,,
2348,4,,
2349,0,,
2350,1,2.0,3.0
2352,4,,
2353,4,0.0,9.0
2354,4,,
2355,0,4.0,8.0
2356,5,6.0,9.0
2357,4,,
2358,4,,
2359,4,9.0,8.0
2360,4,0.0,9.0
2361,9,,
2362,1,2.0,3.0
2363,4,,
2365,4,9.0,8.0
2367,4,,
2369,4,,
2370,4,9.0,8.0
2371,4,9.0,8.0
2372,4,,
2373,4,,
2374,9,8.0,6.0
2375,3,,
2376,4,9.0,8.0
2377,4,,
2378,4,,
2379,4,9.0,8.0
2380,4,,
2382,4,0.0,9.0
2383,4,9.0,8.0
2385,9,,
2386,4,,
2387,4,0.0,9.0
2388,4,,
2389,8,9.0,5.0
2390,4,,
2391,4,9.0,8.0
2392,4,,
2393,4,9.0,8.0
2394,4,,
2395,4,9.0,8.0
2396,4,9.0,0.0
2397,4,9.0,8.0
2398,4,9.0,8.0
2400,4,9.0,8.0
2401,4,9.0,8.0
2402,4,9.0,0.0
2403,4,9.0,8.0
2404,4,,
2406,5,6.0,9.0
2407,9,,
2408,4,,
2409,4,9.0,8.0
2410,4,,
2411,4,9.0,8.0
2412,8,9.0,5.0
2413,4,,
2414,9,,
2415,4,9.0,7.0
2416,4,9.0,8.0
2417,4,9.0,8.0
2418,4,,
2419,4,,
2420,5,6.0,9.0
2421,4,9.0,8.0
2422,4,,
2423,9,7.0,6.0
2425,4,9.0,8.0
2427,4,,
2428,4,9.0,8.0
2429,4,9.0,8.0
2430,4,9.0,8.0
2431,4,9.0,8.0
2432,4,,
2433,4,,
2434,4,,
2435,4,0.0,9.0
2436,4,9.0,8.0
2437,4,9.0,7.0
2438,4,0.0,9.0
2439,3,2.0,1.0
2440,4,9.0,8.0
2441,7,9.0,6.0
2442,4,9.0,8.0
2443,4,,
2446,9,,
2447,9,,
2449,4,,
2451,4,9.0,8.0
2452,4,0.0,9.0
2453,4,9.0,8.0
2454,4,,
2455,4,,
2456,9,,
2457,4,,
2458,4,,
2459,9,8.0,6.0
2460,4,,
2461,4,9.0,8.0
2462,4,9.0,8.0
2463,4,,
2464,4,,
2465,4,9.0,8.0
2466,4,,
2467,9,,
2469,4,,
2470,4,,
2471,4,,
2472,4,9.0,8.0
2473,4,,
2474,4,,
2475,4,9.0,8.0
2476,4,9.0,8.0
2477,4,,
2478,4,9.0,8.0
2479,4,,
2480,4,9.0,8.0
2481,4,,
2482,4,,
2483,4,9.0,8.0
2484,4,,
2485,4,9.0,8.0
2486,4,9.0,7.0
2487,4,,
2488,4,9.0,8.0
2489,4,9.0,8.0
2490,4,9.0,8.0
2491,9,,
2492,4,,
2493,4,9.0,8.0
2494,4,,
2495,4,,
2496,4,0.0,9.0
2497,4,9.0,8.0
2498,4,0.0,9.0
2499,4,9.0,8.0
2500,4,,
2501,4,9.0,8.0
2502,4,,
2503,4,9.0,8.0
2505,4,9.0,7.0
2506,4,,
2507,4,,
2509,4,9.0,8.0
2510,4,9.0,8.0
2512,1,2.0,3.0
2513,4,9.0,8.0
2514,9,,
2515,4,,
2516,4,,
2517,4,9.0,8.0
2518,1,2.0,3.0
2519,4,9.0,8.0
2520,4,9.0,8.0
2521,4,9.0,0.0
2522,3,,
2523,4,,
2524,4,9.0,8.0
2525,4,,
2526,4,,
2527,4,,
2528,4,9.0,8.0
2530,4,9.0,8.0
2532,7,9.0,6.0
2533,4,,
2534,4,9.0,8.0
2536,4,9.0,8.0
2537,4,9.0,8.0
2538,4,9.0,8.0
2540,4,,
2541,9,,
2542,4,,
2543,4,9.0,8.0
2544,5,6.0,9.0
2545,4,,
2546,4,,
2547,4,,
2548,1,,
2549,4,,
2550,4,,
2551,4,0.0,9.0
2552,4,,
2553,4,,
2554,4,,
2555,4,0.0,9.0
2556,4,9.0,8.0
2557,4,,
2559,4,9.0,8.0
2560,4,,
2561,4,,
2562,4,9.0,8.0
2563,9,7.0,6.0
2564,4,9.0,8.0
2565,4,9.0,8.0
2566,4,,
2567,4,9.0,0.0
2568,4,9.0,8.0
2569,4,,
2570,4,9.0,8.0
2572,9,,
2573,4,,
2574,9,,
2575,4,9.0,8.0
2576,4,0.0,9.0
2577,4,9.0,8.0
2578,4,9.0,8.0
2579,4,,
2580,9,,
2581,4,9.0,8.0
2584,9,,
2585,4,,
2586,5,6.0,9.0
2587,4,,
2589,4,9.0,8.0
2590,9,,
2591,4,9.0,8.0
2592,4,9.0,8.0
2593,4,9.0,8.0
2594,4,,
2595,4,,
2597,4,,
2599,4,9.0,8.0
2600,4,9.0,8.0
2601,4,9.0,8.0
2602,4,,
2604,4,,
2605,4,9.0,8.0
2607,4,9.0,8.0
2609,9,,
2610,4,9.0,8.0
2611,9,,
2612,4,9.0,8.0
2613,4,9.0,8.0
2614,4,9.0,8.0
2615,4,9.0,0.0
2616,4,9.0,7.0
2617,9,,
2618,4,9.0,8.0
2619,9,8.0,6.0
2620,4,9.0,8.0
2621,4,,
2622,4,,
2623,9,7.0,6.0
2624,4,,
2625,4,,
2626,4,9.0,7.0
2627,4,9.0,8.0
2628,4,,
2629,4,9.0,7.0
2630,4,9.0,0.0
2631,4,,
2632,4,,
2633,4,,
2634,4,,
2635,4,,
2636,4,9.0,8.0
2637,4,,
2638,4,9.0,8.0
2639,4,9.0,8.0
2640,4,9.0,8.0
2641,4,,
2642,4,,
2644,4,,
2645,4,,
2646,4,,
2647,4,0.0,9.0
2648,4,,
2649,4,,
2650,4,,
2651,4,0.0,9.0
2652,4,,
2653,4,9.0,8.0
2654,4,,
2655,4,,
2656,6,,
2657,4,9.0,0.0
2658,4,9.0,8.0
2659,4,,
2660,4,9.0,8.0
2661,4,,
2662,4,9.0,8.0
2663,4,9.0,8.0
2664,4,9.0,0.0
2665,9,,
2666,4,,
2667,4,9.0,8.0
2668,4,9.0,8.0
2669,1,,
2670,4,9.0,8.0
2671,4,,
2672,4,9.0,8.0
2673,4,,
2674,4,,
2676,4,9.0,8.0
2677,8,9.0,5.0
2678,4,,
2680,4,,
2682,4,,
2683,9,,
2684,4,,
2685,4,,
2686,6,5.0,9.0
2687,4,,
2688,1,2.0,3.0
2689,4,,
2690,4,,
2691,4,9.0,7.0
2692,4,,
2693,4,0.0,9.0
2694,4,9.0,8.0
2695,5,,
2696,4,9.0,8.0
2697,4,,
2698,4,9.0,7.0
2699,4,0.0,9.0
2700,4,,
2701,4,9.0,8.0
2702,4,,
2703,4,9.0,8.0
2704,4,,
2705,4,,
2706,4,,
2707,4,9.0,7.0
2708,4,9.0,8.0
2709,4,,
2710,3,2.0,1.0
2711,9,8.0,6.0
2712,4,,
2713,9,8.0,6.0
2714,4,9.0,7.0
2715,4,,
2716,4,0.0,9.0
2719,4,,
2720,4,9.0,8.0
2721,4,9.0,0.0
2722,4,9.0,8.0
2723,4,,
2724,9,,
2725,4,,
2726,4,9.0,8.0
2727,9,7.0,6.0
2728,4,9.0,8.0
2729,4,,
2731,4,,
2732,2,3.0,1.0
2734,4,,
2735,4,,
2736,4,,
2737,4,,
2738,4,,
2739,4,,
2740,4,,
2741,4,,
2742,4,9.0,7.0
2743,4,,
2744,4,9.0,7.0
2745,4,,
2747,4,,
2748,4,9.0,8.0
2749,4,,
2750,4,,
2751,5,,
2752,4,9.0,8.0
2753,4,9.0,8.0
2754,4,,
2755,1,,
2756,4,,
2757,4,,
2758,4,,
2759,4,9.0,0.0
2761,4,,
2762,8,9.0,5.0
2763,1,,
2764,4,9.0,7.0
2765,4,,
2766,4,0.0,9.0
2768,4,9.0,7.0
2769,4,,
2770,4,,
2771,4,,
2772,4,,
2774,0,4.0,8.0
2775,4,,
2776,4,,
2777,4,9.0,0.0
2778,4,,
2779,4,9.0,0.0
2780,7,,
2781,4,0.0,9.0
2782,4,9.0,8.0
2783,4,0.0,9.0
2784,4,,
2785,4,,
2786,4,,
2787,4,9.0,7.0
2788,4,,
2789,4,,
2791,4,,
2792,4,,
2793,4,,
2794,4,,
2795,4,,
2796,4,0.0,8.0
2797,4,,
2798,4,9.0,8.0
2801,4,,
2802,9,,
2803,4,,
2804,9,7.0,6.0
2805,4,,
2806,6,9.0,5.0
2807,4,,
2808,4,9.0,8.0
2809,3,2.0,1.0
2810,4,,
2811,4,,
2812,4,9.0,8.0
2813,4,,
2814,4,,
2816,4,9.0,8.0
2817,4,,
2818,4,,
2819,4,9.0,8.0
2820,9,,
2821,4,,
2822,9,,
2823,4,,
2824,4,,
2825,4,,
2827,4,,
2828,4,0.0,9.0
2829,4,0.0,9.0
2830,4,0.0,9.0
2831,4,,
2832,4,,
2833,4,,
2834,4,,
2835,4,,
2836,9,,
2837,4,,
2838,4,,
2839,4,9.0,8.0
2840,4,,
2841,9,,
2842,4,,
2844,4,,
2845,4,,
2846,4,,
2847,4,,
2848,4,,
2849,4,,
2851,4,,
2852,4,9.0,8.0
2853,4,,
2854,4,,
2855,4,,
2856,4,0.0,9.0
2857,4,,
2858,4,,
2859,4,,
2860,4,9.0,8.0
2861,4,9.0,8.0
2862,4,,
2863,4,,
2864,4,,
2865,0,4.0,8.0
2866,4,9.0,8.0
2867,4,,
2868,4,9.0,8.0
2869,4,0.0,9.0
2870,4,,
2871,4,,
2872,4,,
2873,4,,
2874,4,0.0,9.0
2875,0,4.0,8.0
2876,4,,
2877,3,2.0,1.0
2878,4,,
2880,4,,
2881,4,,
2882,9,7.0,6.0
2883,4,,
2884,4,9.0,8.0
2885,4,,
2886,6,,
2887,4,,
2888,4,,
2889,4,,
2890,4,,
2892,4,9.0,8.0
2893,4,9.0,8.0
2894,4,9.0,8.0
2895,9,,
2896,4,,
2897,4,9.0,8.0
2898,4,9.0,8.0
2899,4,,
2900,4,,
2901,4,0.0,9.0
2902,4,,
2903,4,,
2904,4,0.0,9.0
2905,4,,
2906,4,9.0,8.0
2907,9,,
2908,4,,
2909,7,9.0,6.0
2910,4,,
2911,5,6.0,9.0
2912,4,9.0,8.0
2913,4,,
2914,4,9.0,8.0
2915,4,0.0,9.0
2916,5,,
2919,4,9.0,8.0
2920,4,,
2921,1,,
2922,4,,
2923,4,,
2924,4,,
2925,4,,
2926,4,,
2927,4,,
2928,4,9.0,0.0
2929,4,,
2930,4,9.0,8.0
2931,4,,
2932,4,9.0,8.0
2933,4,,
2934,4,9.0,8.0
2935,4,9.0,8.0
2936,4,9.0,8.0
2937,1,,
2938,8,9.0,5.0
2939,4,,
2940,4,,
2941,4,9.0,8.0
2942,4,9.0,8.0
2943,4,9.0,8.0
2944,4,,
2945,4,,
2946,4,,
2947,0,,
2948,4,9.0,0.0
2949,4,,
2950,4,,
2951,4,,
2952,4,,
2953,9,,
2954,4,,
2955,4,0.0,9.0
2956,4,9.0,0.0
2957,4,,
2958,4,9.0,8.0
2959,4,9.0,8.0
2960,4,9.0,8.0
2961,4,9.0,8.0
2962,4,,
2963,4,,
2964,4,9.0,8.0
2965,4,9.0,8.0
2966,4,9.0,8.0
2967,4,9.0,7.0
2968,4,9.0,8.0
2969,2,3.0,1.0
2970,4,,
2971,4,9.0,8.0
2972,4,9.0,8.0
2973,4,9.0,0.0
2975,2,,
2976,4,,
2978,4,9.0,8.0
2980,4,0.0,9.0
2981,4,,
2982,4,9.0,8.0
2983,4,,
2984,9,,
2985,4,,
2986,4,9.0,8.0
2987,4,9.0,8.0
2988,2,,
2989,4,9.0,8.0
2990,4,0.0,9.0
2991,4,,
2992,4,9.0,8.0
2993,4,9.0,8.0
2994,9,,
2995,4,,
2996,1,,
2997,4,9.0,8.0
2999,4,9.0,8.0
3000,4,,
3001,4,9.0,8.0
3002,1,,
3003,8,,
3004,4,,
3005,4,9.0,7.0
3006,4,9.0,8.0
3007,4,,
3008,4,9.0,8.0
3009,4,9.0,8.0
3010,4,,
3011,4,,
3012,9,,
3013,9,,
3014,4,,
3015,4,9.0,7.0
3016,4,,
3018,4,0.0,9.0
3019,9,,
3020,4,9.0,8.0
3021,0,,
3022,4,0.0,9.0
3023,4,9.0,8.0
3024,4,9.0,8.0
3025,4,9.0,8.0
3026,4,9.0,8.0
3027,6,,
3028,4,9.0,8.0
3029,4,9.0,8.0
3030,4,9.0,8.0
3031,4,,
3032,4,9.0,8.0
3033,4,,
3036,4,9.0,8.0
3037,4,,
3038,4,,
3039,4,9.0,8.0
3040,4,9.0,8.0
3041,4,9.0,8.0
3042,4,9.0,8.0
3043,4,,
3044,4,0.0,9.0
3045,4,9.0,8.0
3046,4,9.0,8.0
3047,4,,
3048,4,9.0,8.0
3050,9,,
3051,8,,
3052,4,9.0,8.0
3053,4,,
3054,4,9.0,8.0
3055,0,4.0,8.0
3056,4,0.0,9.0
3057,4,9.0,8.0
3059,4,9.0,8.0
3060,4,9.0,8.0
3061,4,9.0,8.0
3062,8,,
3063,4,0.0,9.0
3064,4,,
3065,1,,
3066,4,9.0,8.0
3067,4,0.0,9.0
3068,9,,
3069,4,9.0,8.0
3070,4,9.0,0.0
3071,4,0.0,9.0
3072,4,9.0,8.0
3073,9,7.0,6.0
3074,4,,
3075,4,9.0,8.0
3076,4,9.0,8.0
3077,4,9.0,8.0
3078,4,,
3079,4,9.0,8.0
3080,4,9.0,8.0
3081,4,,
3082,4,9.0,8.0
3083,4,9.0,8.0
3084,4,9.0,8.0
3085,4,9.0,8.0
3086,4,9.0,8.0
3087,4,,
3088,4,,
3089,4,9.0,7.0
3090,8,,
3091,4,0.0,9.0
3092,5,6.0,9.0
3093,4,9.0,8.0
3094,4,9.0,8.0
3095,4,,
3096,4,9.0,8.0
3097,4,,
3098,4,,
3099,4,9.0,0.0
3100,4,9.0,0.0
3101,4,9.0,8.0
3102,9,,
3103,4,9.0,8.0
3105,4,9.0,8.0
3106,4,9.0,8.0
3107,4,,
3108,0,,
3109,4,,
3111,4,0.0,9.0
3112,4,9.0,0.0
3113,4,,
3114,4,9.0,8.0
3115,4,,
3117,4,,
3118,6,5.0,9.0
3119,4,9.0,0.0
3120,4,9.0,8.0
3121,8,9.0,5.0
3122,4,9.0,8.0
3123,4,,
3124,4,9.0,8.0
3125,4,9.0,8.0
3126,4,9.0,8.0
3127,4,,
3128,8,,
3129,4,9.0,7.0
3130,4,9.0,8.0
3131,4,9.0,8.0
3132,9,6.0,8.0
3133,4,9.0,8.0
3134,4,9.0,8.0
3135,4,9.0,8.0
3136,4,9.0,8.0
3137,4,9.0,8.0
3138,9,,
3139,4,0.0,9.0
3140,4,9.0,8.0
3141,4,9.0,0.0
3142,5,6.0,9.0
3143,4,9.0,8.0
3144,0,4.0,8.0
3145,4,0.0,9.0
3146,4,9.0,0.0
3147,4,9.0,8.0
3148,9,,
3149,4,9.0,0.0
3150,4,9.0,8.0
3151,4,0.0,9.0
3152,4,9.0,0.0
3154,4,9.0,8.0
3155,9,,
3156,6,5.0,9.0
3157,4,0.0,9.0
3158,4,9.0,0.0
3159,4,9.0,8.0
3160,4,0.0,8.0
3161,9,,
3162,1,,
3163,4,9.0,8.0
3164,4,9.0,8.0
3165,4,9.0,0.0
3166,4,9.0,8.0
3167,4,9.0,8.0
3168,4,9.0,0.0
3169,4,,
3170,4,,
3171,9,8.0,6.0
3172,4,9.0,8.0
3173,4,,
3174,4,9.0,8.0
3175,4,9.0,0.0
3176,9,,
3177,4,9.0,8.0
3178,4,9.0,8.0
3179,4,,
3180,4,9.0,8.0
3181,4,9.0,8.0
3182,4,9.0,8.0
3183,4,9.0,8.0
3184,4,9.0,8.0
3185,4,9.0,8.0
3186,4,9.0,0.0
3187,4,9.0,8.0
3188,4,9.0,8.0
3189,4,9.0,8.0
3190,4,9.0,8.0
3191,4,9.0,0.0
3192,4,9.0,8.0
3193,4,9.0,8.0
3194,4,9.0,8.0
3195,4,9.0,8.0
3196,4,9.0,8.0
3198,4,0.0,9.0
3199,4,,
3200,4,9.0,0.0
3201,4,0.0,9.0
3202,4,9.0,8.0
3204,4,9.0,8.0
3205,4,9.0,8.0
3206,9,,
3207,4,9.0,0.0
3208,4,9.0,0.0
3209,4,0.0,9.0
3210,4,9.0,8.0
3212,4,,
3214,4,9.0,8.0
3215,6,5.0,9.0
3216,4,9.0,0.0
3217,4,9.0,8.0
3218,4,9.0,8.0
3219,4,0.0,9.0
3220,1,2.0,3.0
3221,9,,
3222,4,9.0,8.0
3223,4,9.0,8.0
3224,4,0.0,8.0
3225,4,9.0,8.0
3226,6,5.0,9.0
3227,4,0.0,9.0
3228,4,9.0,8.0
3229,4,,
3230,4,9.0,0.0
3231,4,9.0,0.0
3232,4,0.0,8.0
3233,4,9.0,8.0
3234,4,9.0,8.0
3236,4,9.0,7.0
3237,7,9.0,6.0
3238,4,0.0,9.0
3239,4,0.0,9.0
3241,4,,
3242,4,0.0,9.0
3243,4,9.0,8.0
3244,4,9.0,8.0
3245,4,0.0,9.0
3246,4,0.0,9.0
3247,4,0.0,9.0
3248,4,9.0,7.0
3249,4,0.0,9.0
3250,4,0.0,9.0
3251,4,,
3252,4,9.0,8.0
3253,4,0.0,9.0
3254,4,0.0,9.0
3255,4,0.0,9.0
3256,4,9.0,8.0
3257,9,8.0,6.0
3258,4,9.0,8.0
3259,4,9.0,8.0
3260,4,,
3262,4,9.0,8.0
3263,4,9.0,7.0
3264,4,0.0,9.0
3265,9,,
3266,4,,
3267,4,0.0,9.0
3268,4,0.0,9.0
3269,4,0.0,9.0
3270,4,9.0,0.0
3271,4,9.0,8.0
3272,4,9.0,8.0
3273,4,0.0,9.0
3274,4,9.0,7.0
3275,4,,
3276,4,0.0,8.0
3277,4,0.0,9.0
3278,4,0.0,9.0
3279,4,0.0,9.0
3280,4,9.0,0.0
3281,4,0.0,9.0
3282,2,3.0,1.0
3283,4,0.0,9.0
3284,4,0.0,9.0
3285,4,0.0,9.0
3286,4,0.0,9.0
3287,7,9.0,6.0
3288,4,0.0,9.0
3289,4,0.0,9.0
3290,4,0.0,9.0
3291,4,9.0,0.0
3292,4,0.0,9.0
3293,4,,
3294,4,0.0,9.0
3295,4,,
3296,4,0.0,9.0
3297,4,9.0,0.0
3298,4,0.0,9.0
3299,4,9.0,0.0
3300,4,0.0,9.0
3302,4,9.0,8.0
3303,8,,
3304,4,0.0,9.0
3305,4,0.0,9.0
3306,4,,
3307,4,0.0,9.0
3308,5,6.0,9.0
3309,4,0.0,9.0
3310,4,0.0,9.0
3311,4,0.0,9.0
3312,4,9.0,7.0
3313,4,0.0,9.0
3314,4,,
3315,4,0.0,9.0
3316,4,0.0,9.0
3317,4,9.0,7.0
3319,4,0.0,9.0
3320,4,0.0,9.0
3321,9,,
3322,4,0.0,9.0
3323,4,0.0,9.0
3325,4,0.0,9.0
3326,4,0.0,9.0
3327,4,,
3328,4,,
3329,4,0.0,9.0
3330,4,0.0,9.0
3331,9,,
3332,4,,
3333,4,0.0,9.0
3334,4,0.0,9.0
3335,9,,
3336,4,0.0,9.0
3337,4,0.0,9.0
3338,4,0.0,9.0
3339,4,,
3340,4,0.0,9.0
3341,4,0.0,9.0
3342,2,,
3343,0,4.0,8.0
3344,4,0.0,9.0
3345,4,0.0,9.0
3346,4,,
3348,0,,
3349,4,,
3350,4,0.0,9.0
3351,4,0.0,9.0
3352,4,0.0,9.0
3353,4,0.0,9.0
3354,4,0.0,9.0
3355,4,0.0,9.0
3356,4,0.0,9.0
3357,4,0.0,9.0
3358,4,0.0,9.0
3359,9,7.0,6.0
3360,4,0.0,9.0
3361,4,9.0,8.0
3362,1,2.0,3.0
3363,4,,
3364,4,0.0,9.0
3365,4,0.0,9.0
3366,4,0.0,9.0
3367,2,3.0,1.0
3368,9,,
3369,4,0.0,9.0
3370,4,0.0,9.0
3371,4,,
3372,4,,
3373,4,0.0,9.0
3374,4,0.0,8.0
3375,4,0.0,9.0
3376,4,0.0,9.0
3377,2,3.0,1.0
3378,9,,
3380,4,0.0,9.0
3381,4,,
3382,4,0.0,9.0
3383,4,9.0,0.0
3384,4,,
3385,4,0.0,9.0
3386,9,,
3387,4,0.0,9.0
3388,4,,
3389,4,0.0,9.0
3390,4,0.0,9.0
3391,4,0.0,9.0
3392,4,0.0,9.0
3394,4,9.0,0.0
3395,4,0.0,9.0
3396,9,,
3397,4,0.0,9.0
3398,4,0.0,8.0
3399,4,0.0,9.0
3401,4,0.0,9.0
3402,4,0.0,9.0
3403,4,0.0,9.0
3405,4,,
3406,4,0.0,9.0
3407,1,2.0,3.0
3408,4,0.0,9.0
3409,4,,
3410,4,0.0,9.0
3411,4,,
3412,4,,
3413,4,0.0,9.0
3414,4,0.0,9.0
3415,4,0.0,9.0
3416,4,0.0,9.0
3417,4,,
3418,4,0.0,9.0
3419,9,,
3420,4,0.0,9.0
3421,4,0.0,9.0
3423,4,0.0,9.0
3426,4,0.0,9.0
3427,4,0.0,9.0
3428,4,,
3429,9,,
3430,4,0.0,9.0
3431,9,,
3433,4,0.0,9.0
3434,4,0.0,9.0
3435,4,9.0,0.0
3436,4,0.0,9.0
3437,4,0.0,9.0
3438,4,0.0,9.0
3440,4,0.0,9.0
3441,4,0.0,9.0
3442,4,9.0,8.0
3443,4,0.0,9.0
3444,4,,
3445,4,0.0,9.0
3446,4,0.0,9.0
3447,4,0.0,8.0
3448,0,4.0,8.0
3450,4,0.0,9.0
3451,4,0.0,9.0
3452,4,0.0,9.0
3453,1,,
3454,4,0.0,9.0
3455,4,,
3456,4,,
3457,4,0.0,9.0
3458,4,0.0,9.0
3459,4,,
3460,4,0.0,9.0
3461,4,0.0,9.0
3462,4,0.0,9.0
3463,4,0.0,9.0
3464,4,0.0,9.0
3465,4,0.0,9.0
3466,4,,
3467,4,0.0,9.0
3468,4,9.0,7.0
3469,4,0.0,9.0
3470,4,0.0,9.0
3471,4,0.0,9.0
3472,4,0.0,9.0
3473,4,0.0,9.0
3474,4,0.0,9.0
3475,4,0.0,9.0
3476,4,0.0,9.0
3478,4,,
3479,4,,
3480,2,,
3481,4,0.0,9.0
3482,4,0.0,9.0
3483,4,0.0,9.0
3484,9,,
3485,4,0.0,9.0
3486,4,0.0,9.0
3487,4,0.0,9.0
3489,4,0.0,8.0
3490,4,0.0,9.0
3491,4,0.0,8.0
3492,9,,
3493,4,,
3494,4,0.0,9.0
3495,4,0.0,9.0
3496,4,,
3497,4,0.0,9.0
3498,4,0.0,9.0
3499,4,0.0,9.0
3500,4,,
3502,4,0.0,9.0
3503,4,0.0,9.0
3504,4,,
3505,4,,
3506,4,,
3507,4,0.0,9.0
3508,4,0.0,9.0
3509,9,,
3510,4,0.0,9.0
3511,4,0.0,9.0
3512,4,9.0,0.0
3513,4,0.0,9.0
3514,4,0.0,9.0
3515,4,0.0,9.0
3516,4,0.0,9.0
3517,4,0.0,9.0
3518,4,,
3519,4,0.0,9.0
3520,4,0.0,9.0
3521,4,0.0,9.0
3522,9,,
3523,4,0.0,9.0
3524,4,0.0,9.0
3525,4,0.0,9.0
3526,1,,
3527,4,0.0,9.0
3528,4,,
3529,4,,
3530,4,0.0,9.0
3531,4,,
3532,4,,
3533,4,,
3534,4,0.0,9.0
3535,4,0.0,9.0
3536,8,9.0,5.0
3537,4,,
3538,4,0.0,8.0
3539,4,0.0,9.0
3540,4,0.0,9.0
3541,4,,
3542,4,,
3544,4,,
3545,4,0.0,9.0
3546,4,0.0,9.0
3547,4,0.0,9.0
3549,4,,
3550,4,0.0,9.0
3551,4,0.0,9.0
3552,4,0.0,9.0
3553,4,0.0,9.0
3554,4,0.0,9.0
3555,4,0.0,9.0
3556,4,,
3557,4,9.0,0.0
3558,1,2.0,3.0
3559,4,0.0,9.0
3560,4,,
3562,4,,
3563,4,,
3564,4,0.0,9.0
3565,4,,
3566,4,,
3567,4,0.0,9.0
3568,4,,
3569,4,0.0,9.0
3570,4,9.0,7.0
3571,9,,
3572,4,0.0,9.0
3573,4,,
3574,4,0.0,9.0
3575,4,0.0,9.0
3576,4,0.0,9.0
3577,4,,
3578,2,3.0,1.0
3579,4,,
3580,4,,
3581,4,0.0,9.0
3582,4,,
3583,4,0.0,9.0
3584,4,0.0,9.0
3585,4,,
3586,1,2.0,3.0
3587,4,0.0,9.0
3588,4,,
3590,4,0.0,9.0
3591,8,,
3592,4,,
3593,4,,
3594,4,0.0,9.0
3595,4,0.0,9.0
3596,4,0.0,9.0
3597,4,,
3599,9,,
3600,4,0.0,9.0
3601,4,0.0,9.0
3602,4,0.0,9.0
3603,4,9.0,7.0
3604,4,0.0,8.0
3605,4,,
3606,4,,
3607,4,0.0,9.0
3608,4,,
3609,4,,
3610,4,,
3611,4,,
3613,4,0.0,9.0
3614,4,0.0,8.0
3615,4,,
3616,4,,
3618,4,0.0,9.0
3619,9,,
3620,4,,
3621,4,0.0,9.0
3622,4,0.0,8.0
3623,4,,
3624,4,0.0,9.0
3625,4,0.0,9.0
3626,4,,
3627,4,,
3628,4,,
3629,4,0.0,9.0
3630,4,9.0,7.0
3631,4,,
3632,4,,
3633,4,,
3634,8,,
3635,4,,
3636,4,,
3637,4,,
3638,3,2.0,1.0
3639,4,0.0,9.0
3640,4,0.0,9.0
3641,0,4.0,8.0
3643,4,0.0,9.0
3644,4,,
3645,4,0.0,8.0
3646,4,,
3647,3,,
3648,4,,
3649,4,,
3650,4,0.0,9.0
3651,4,,
3652,4,,
3653,4,0.0,9.0
3654,4,,
3655,4,,
3656,4,,
3657,2,3.0,1.0
3658,4,,
3660,4,0.0,9.0
3661,4,0.0,9.0
3663,4,,
3664,4,0.0,9.0
3665,4,,
3666,4,0.0,9.0
3667,4,,
3668,9,,
3670,4,,
3671,4,,
3672,9,,
3673,4,,
3674,4,0.0,9.0
3676,4,,
3677,1,2.0,3.0
3678,4,0.0,9.0
3679,4,,
3680,4,0.0,9.0
3682,4,,
3683,4,0.0,8.0
3687,2,,
3688,4,,
3689,4,,
3690,0,4.0,8.0
3691,4,9.0,8.0
3692,9,,
3693,4,,
3694,4,,
3695,4,,
3696,4,9.0,7.0
3697,8,9.0,5.0
3698,4,0.0,9.0
3699,1,2.0,3.0
3700,4,,
3701,4,,
3702,4,,
3703,4,0.0,9.0
3704,4,0.0,9.0
3706,4,0.0,9.0
3707,4,,
3708,4,,
3709,4,,
3710,4,0.0,9.0
3711,4,,
3712,4,9.0,7.0
3714,4,0.0,9.0
3715,4,,
3716,4,0.0,9.0
3717,4,,
3719,4,,
3720,4,,
3721,4,,
3722,4,,
3723,4,,
3724,4,,
3725,4,,
3726,4,0.0,9.0
3727,4,,
3728,4,,
3729,4,,
3730,4,,
3731,9,,
3732,4,,
3733,4,,
3734,4,,
3735,4,,
3736,4,0.0,9.0
3737,4,9.0,8.0
3738,4,,
3739,4,0.0,9.0
3740,4,,
3741,4,,
3742,4,,
3743,4,,
3744,4,,
3745,4,,
3746,4,,
3747,4,,
3748,4,,
3749,4,,
3750,4,,
3751,4,,
3752,4,,
3753,4,,
3754,4,,
3756,4,,
3757,4,0.0,9.0
3758,4,,
3759,4,0.0,9.0
3760,9,,
3761,4,,
3762,4,,
3763,4,9.0,7.0
3764,4,,
3765,1,2.0,3.0
3766,4,0.0,9.0
3767,4,,
3768,4,,
3769,8,,
3770,4,,
3772,4,,
3773,4,0.0,9.0
